class_name,kind,dataset_id,item_key,review_verdict,answer,class_box_count,label_count,source_image_path,annotation_path,updated_at,reviewed_at
fire,positive,loop:finetune_v2,images/test/event_feedback_011751_fire_0c26396306448986.jpg,pass,YES,1,2,/home/admin1/jgzj/.runtime/yolo_loop/datasets/finetune_v2/images/test/event_feedback_011751_fire_0c26396306448986.jpg,.runtime/yolo_label_review/manual_annotations_v1/26/26cdd9ff47aff28a3bb3e07fba3fe42d2866779cdeede6e8237057d7d7b23b84.json,2026-07-24T08:43:45.900Z,2026-07-24T08:43:45.900Z
fire,positive,loop:finetune_v2,images/test/event_feedback_011759_fire_8b61acb08330ce7a.jpg,pass,YES,1,2,/home/admin1/jgzj/.runtime/yolo_loop/datasets/finetune_v2/images/test/event_feedback_011759_fire_8b61acb08330ce7a.jpg,.runtime/yolo_label_review/manual_annotations_v1/61/6113c08d4931734490005448e13fc5c51ff71c1124f6ee3d7e185ce4033af19a.json,2026-07-24T08:44:30.011Z,2026-07-24T08:44:30.011Z
fire,positive,loop:finetune_v2,images/test/event_feedback_011778_smoke_b4b56ecdd099d0eb.jpg,pass,YES,1,2,/home/admin1/jgzj/.runtime/yolo_loop/datasets/finetune_v2/images/test/event_feedback_011778_smoke_b4b56ecdd099d0eb.jpg,.runtime/yolo_label_review/manual_annotations_v1/24/2430acc516d59667f473da4e49f2b60dfdc9af83ad0403b1da9382ea04d2f6e4.json,2026-07-24T08:45:54.606Z,2026-07-24T08:45:54.606Z
fire,positive,loop:finetune_v2,images/test/event_feedback_011824_smoke_ef50338d409d78ae.jpg,pass,YES,1,2,/home/admin1/jgzj/.runtime/yolo_loop/datasets/finetune_v2/images/test/event_feedback_011824_smoke_ef50338d409d78ae.jpg,.runtime/yolo_label_review/manual_annotations_v1/a1/a1c30a2d89677c6fcfaeec5d91b44d71d7099b7b3ea9c2a8da3f5645185e6385.json,2026-07-24T08:50:30.959Z,2026-07-24T08:50:30.959Z
fire,positive,loop:finetune_v2,images/test/event_feedback_011828_smoke_c03c47bf1d72ea0c.jpg,pass,YES,1,2,/home/admin1/jgzj/.runtime/yolo_loop/datasets/finetune_v2/images/test/event_feedback_011828_smoke_c03c47bf1d72ea0c.jpg,.runtime/yolo_label_review/manual_annotations_v1/cd/cd3503b62eaebe9836a7e866b8fcf794b1b5183d14a75c295d21d33de8a09532.json,2026-07-24T08:51:10.828Z,2026-07-24T08:51:10.828Z
fire,positive,loop:finetune_v2,images/test/event_feedback_011870_fire_6c992e4471294fd7.jpg,pass,YES,1,2,/home/admin1/jgzj/.runtime/yolo_loop/datasets/finetune_v2/images/test/event_feedback_011870_fire_6c992e4471294fd7.jpg,.runtime/yolo_label_review/manual_annotations_v1/59/59e15ed44bd731db12b6d654b7c1f83eda7ff6cb8a630a629c64d81772977f44.json,2026-07-24T08:55:48.868Z,2026-07-24T08:55:48.868Z
fire,positive,loop:finetune_v2,images/test/event_feedback_011889_fire_47e60017b7ae77fe.jpg,pass,YES,1,1,/home/admin1/jgzj/.runtime/yolo_loop/datasets/finetune_v2/images/test/event_feedback_011889_fire_47e60017b7ae77fe.jpg,.runtime/yolo_label_review/manual_annotations_v1/96/962554f4ce035e0fdd6c309b50900f0298e2a8ad1a55ec70894c31ce6968306f.json,2026-07-24T08:57:27.028Z,2026-07-24T08:57:27.028Z
fire,positive,loop:finetune_v2,images/test/event_feedback_011906_fire_e60826835d42e678.jpg,pass,YES,1,1,/home/admin1/jgzj/.runtime/yolo_loop/datasets/finetune_v2/images/test/event_feedback_011906_fire_e60826835d42e678.jpg,.runtime/yolo_label_review/manual_annotations_v1/1f/1f019e7629f98227cb3857bad1c4def7ef87d3c3e1371e3711d7449c892a793c.json,2026-07-24T08:58:47.357Z,2026-07-24T08:58:47.357Z
fire,positive,loop:finetune_v2,images/train/event_feedback_011738_smoke_d08a90f970d65196.jpg,pass,YES,1,2,/home/admin1/jgzj/.runtime/yolo_loop/datasets/finetune_v2/images/train/event_feedback_011738_smoke_d08a90f970d65196.jpg,.runtime/yolo_label_review/manual_annotations_v1/eb/eb1edd7ee9f749a09872d8b0061782a8bd3e14d0bfd8c660d645d8f6e177ddd9.json,2026-07-24T08:42:50.019Z,2026-07-24T08:42:50.019Z
fire,positive,loop:finetune_v2,images/train/event_feedback_011739_fire_dbf1ac6190f8f72d.jpg,pass,YES,1,2,/home/admin1/jgzj/.runtime/yolo_loop/datasets/finetune_v2/images/train/event_feedback_011739_fire_dbf1ac6190f8f72d.jpg,.runtime/yolo_label_review/manual_annotations_v1/83/83500d6bb886d2120edd9857be3a33d7eabe774534270e96e11ffa73a6730b48.json,2026-07-24T08:42:58.301Z,2026-07-24T08:42:58.301Z
fire,positive,loop:finetune_v2,images/train/event_feedback_011741_fire_8436d64dffeb6a3c.jpg,pass,YES,1,2,/home/admin1/jgzj/.runtime/yolo_loop/datasets/finetune_v2/images/train/event_feedback_011741_fire_8436d64dffeb6a3c.jpg,.runtime/yolo_label_review/manual_annotations_v1/dc/dcc060aed4284ee5668de75e1b35b22ebf29c0d1637613e80a6a90790b2fa7ba.json,2026-07-24T08:43:11.350Z,2026-07-24T08:43:11.350Z
fire,positive,loop:finetune_v2,images/train/event_feedback_011744_fire_2d0aca22e19524af.jpg,pass,YES,1,2,/home/admin1/jgzj/.runtime/yolo_loop/datasets/finetune_v2/images/train/event_feedback_011744_fire_2d0aca22e19524af.jpg,.runtime/yolo_label_review/manual_annotations_v1/e2/e2f4219279dd5a09abafb00e1f51aa78ce09cac50651b95439f757f2037a04af.json,2026-07-24T08:43:19.754Z,2026-07-24T08:43:19.754Z
fire,positive,loop:finetune_v2,images/train/event_feedback_011749_fire_e84f6d55e0c07ecf.jpg,pass,YES,1,2,/home/admin1/jgzj/.runtime/yolo_loop/datasets/finetune_v2/images/train/event_feedback_011749_fire_e84f6d55e0c07ecf.jpg,.runtime/yolo_label_review/manual_annotations_v1/9e/9e14d3cd71f07f82b3021d1dcd090e6366cf7db05d2ecca1f9dab91448fdc201.json,2026-07-24T08:43:36.833Z,2026-07-24T08:43:36.833Z
fire,positive,loop:finetune_v2,images/train/event_feedback_011753_fire_2ee6e7342e4e5ec0.jpg,pass,YES,1,2,/home/admin1/jgzj/.runtime/yolo_loop/datasets/finetune_v2/images/train/event_feedback_011753_fire_2ee6e7342e4e5ec0.jpg,.runtime/yolo_label_review/manual_annotations_v1/da/da7b859b1e2b39575b44de623278e4342783d3a701620c25182e0ea0fff9b394.json,2026-07-24T08:43:55.670Z,2026-07-24T08:43:55.670Z
fire,positive,loop:finetune_v2,images/train/event_feedback_011756_fire_d887e5ddc9994956.jpg,pass,YES,1,2,/home/admin1/jgzj/.runtime/yolo_loop/datasets/finetune_v2/images/train/event_feedback_011756_fire_d887e5ddc9994956.jpg,.runtime/yolo_label_review/manual_annotations_v1/b6/b6caad53d216e6fcf32f37617299f5a93072e33c36a4bef54585d09b0b29a54b.json,2026-07-24T08:44:20.288Z,2026-07-24T08:44:20.288Z
fire,positive,loop:finetune_v2,images/train/event_feedback_011764_fire_b6774b54d91ef204.jpg,pass,YES,1,2,/home/admin1/jgzj/.runtime/yolo_loop/datasets/finetune_v2/images/train/event_feedback_011764_fire_b6774b54d91ef204.jpg,.runtime/yolo_label_review/manual_annotations_v1/a3/a3c7f1bf468bd1998b65120f22df6750a65643ec50fd83a4428af1cfee666e1d.json,2026-07-24T08:44:48.553Z,2026-07-24T08:44:48.553Z
fire,positive,loop:finetune_v2,images/train/event_feedback_011765_smoke_084d8fabc4e76d3b.jpg,pass,YES,1,2,/home/admin1/jgzj/.runtime/yolo_loop/datasets/finetune_v2/images/train/event_feedback_011765_smoke_084d8fabc4e76d3b.jpg,.runtime/yolo_label_review/manual_annotations_v1/25/252f9bf94cdd0abb74f236b822d715b9b66189c60b410511ddd564625d8398d4.json,2026-07-24T08:44:57.533Z,2026-07-24T08:44:57.533Z
fire,positive,loop:finetune_v2,images/train/event_feedback_011767_fire_551058f675b9b762.jpg,pass,YES,1,2,/home/admin1/jgzj/.runtime/yolo_loop/datasets/finetune_v2/images/train/event_feedback_011767_fire_551058f675b9b762.jpg,.runtime/yolo_label_review/manual_annotations_v1/7e/7e20c855d771e2d91bf10408f41ef8595ab7b3a532b21e8d587e6482cfc4381c.json,2026-07-24T08:45:08.811Z,2026-07-24T08:45:08.811Z
fire,positive,loop:finetune_v2,images/train/event_feedback_011772_smoke_33facded09302c2d.jpg,pass,YES,1,2,/home/admin1/jgzj/.runtime/yolo_loop/datasets/finetune_v2/images/train/event_feedback_011772_smoke_33facded09302c2d.jpg,.runtime/yolo_label_review/manual_annotations_v1/08/0883518e7354a796651c115f266614b3ca0ef81d57017a3a45665b36f8d215fb.json,2026-07-24T08:45:18.113Z,2026-07-24T08:45:18.113Z
fire,positive,loop:finetune_v2,images/train/event_feedback_011773_smoke_fc1c0225068b105c.jpg,pass,YES,1,2,/home/admin1/jgzj/.runtime/yolo_loop/datasets/finetune_v2/images/train/event_feedback_011773_smoke_fc1c0225068b105c.jpg,.runtime/yolo_label_review/manual_annotations_v1/33/33a5646f710a403358300d69f0b2cb2cc3806dab9755f7c5faea0df935f1a307.json,2026-07-24T08:45:35.669Z,2026-07-24T08:45:35.669Z
fire,positive,loop:finetune_v2,images/train/event_feedback_011774_smoke_da89bc9765f722bd.jpg,pass,YES,1,2,/home/admin1/jgzj/.runtime/yolo_loop/datasets/finetune_v2/images/train/event_feedback_011774_smoke_da89bc9765f722bd.jpg,.runtime/yolo_label_review/manual_annotations_v1/68/68cba36f156197ea9d12fae33d8de4d435ccfe4f9831afd58d662b92fee91d47.json,2026-07-24T08:45:40.259Z,2026-07-24T08:45:40.259Z
fire,positive,loop:finetune_v2,images/train/event_feedback_011777_smoke_db3073ac2988a580.jpg,pass,YES,1,2,/home/admin1/jgzj/.runtime/yolo_loop/datasets/finetune_v2/images/train/event_feedback_011777_smoke_db3073ac2988a580.jpg,.runtime/yolo_label_review/manual_annotations_v1/fa/fa47f4098a9804519cf3985c9e0587c5a2082fe10137403a561c13a0e96e08ab.json,2026-07-24T08:45:50.394Z,2026-07-24T08:45:50.394Z
fire,positive,loop:finetune_v2,images/train/event_feedback_011780_smoke_10e78f0dbb05e5fe.jpg,pass,YES,1,2,/home/admin1/jgzj/.runtime/yolo_loop/datasets/finetune_v2/images/train/event_feedback_011780_smoke_10e78f0dbb05e5fe.jpg,.runtime/yolo_label_review/manual_annotations_v1/47/47d087da115b9468cd6eb2c0cc0cbe4a9b20b82317a2d40f9d499926af4e141c.json,2026-07-24T08:45:59.101Z,2026-07-24T08:45:59.101Z
fire,positive,loop:finetune_v2,images/train/event_feedback_011782_smoke_b7740c4d3ce50679.jpg,pass,YES,1,2,/home/admin1/jgzj/.runtime/yolo_loop/datasets/finetune_v2/images/train/event_feedback_011782_smoke_b7740c4d3ce50679.jpg,.runtime/yolo_label_review/manual_annotations_v1/dd/dd24829f23824ab854d9e3243b986807e1bfbd8e5c1cd739b121d5524f8713e9.json,2026-07-24T08:46:09.833Z,2026-07-24T08:46:09.833Z
fire,positive,loop:finetune_v2,images/train/event_feedback_011783_smoke_79dca00a251d332f.jpg,pass,YES,1,2,/home/admin1/jgzj/.runtime/yolo_loop/datasets/finetune_v2/images/train/event_feedback_011783_smoke_79dca00a251d332f.jpg,.runtime/yolo_label_review/manual_annotations_v1/52/527c2d87da54eb66537529e7c3db023f6f08f2c724d0ab1062be4f6c04600892.json,2026-07-24T08:46:17.720Z,2026-07-24T08:46:17.720Z
fire,positive,loop:finetune_v2,images/train/event_feedback_011784_smoke_90c7354ae96bbaa5.jpg,pass,YES,1,2,/home/admin1/jgzj/.runtime/yolo_loop/datasets/finetune_v2/images/train/event_feedback_011784_smoke_90c7354ae96bbaa5.jpg,.runtime/yolo_label_review/manual_annotations_v1/c0/c0950214318bf37309d367bb1a05f91bce05fa2cb0a6078c1420652a4693afdb.json,2026-07-24T08:46:24.990Z,2026-07-24T08:46:24.990Z
fire,positive,loop:finetune_v2,images/train/event_feedback_011788_smoke_45c88afcb02cefd7.jpg,pass,YES,1,2,/home/admin1/jgzj/.runtime/yolo_loop/datasets/finetune_v2/images/train/event_feedback_011788_smoke_45c88afcb02cefd7.jpg,.runtime/yolo_label_review/manual_annotations_v1/88/88071acd21490558dd6db6865eb0cce51ab8a73e3b123fe8fce892f51c314dcc.json,2026-07-24T08:45:30.861Z,2026-07-24T08:45:30.861Z
fire,positive,loop:finetune_v2,images/train/event_feedback_011789_smoke_5a485d1e1f8c25e5.jpg,pass,YES,1,2,/home/admin1/jgzj/.runtime/yolo_loop/datasets/finetune_v2/images/train/event_feedback_011789_smoke_5a485d1e1f8c25e5.jpg,.runtime/yolo_label_review/manual_annotations_v1/1a/1a6a8519b74cc263ce1cdf7224e2d9ea72c2257f8a13ac4a5091ab08211b4abb.json,2026-07-24T08:46:41.190Z,2026-07-24T08:46:41.190Z
fire,positive,loop:finetune_v2,images/train/event_feedback_011790_smoke_72262602a8ad7adc.jpg,pass,YES,1,2,/home/admin1/jgzj/.runtime/yolo_loop/datasets/finetune_v2/images/train/event_feedback_011790_smoke_72262602a8ad7adc.jpg,.runtime/yolo_label_review/manual_annotations_v1/4c/4c7c38d3ae68639d235b1b547b41db4ef14143b5ed396b8a5de6eefa5af3623a.json,2026-07-24T08:46:49.677Z,2026-07-24T08:46:49.677Z
fire,positive,loop:finetune_v2,images/train/event_feedback_011791_fire_367f572fdc17d341.jpg,pass,YES,1,2,/home/admin1/jgzj/.runtime/yolo_loop/datasets/finetune_v2/images/train/event_feedback_011791_fire_367f572fdc17d341.jpg,.runtime/yolo_label_review/manual_annotations_v1/a1/a1cc33f18f46aae8c4b11d2ab61e8391d823c2fd71b46fa266c008ecc1d35ee5.json,2026-07-24T08:46:58.890Z,2026-07-24T08:46:58.890Z
fire,positive,loop:finetune_v2,images/train/event_feedback_011793_smoke_c76fce72768c77f0.jpg,pass,YES,1,2,/home/admin1/jgzj/.runtime/yolo_loop/datasets/finetune_v2/images/train/event_feedback_011793_smoke_c76fce72768c77f0.jpg,.runtime/yolo_label_review/manual_annotations_v1/b8/b839436e0dd2b8e55162c5a533ac64b0053feaf9d49d8513c354b0ec7ac76e03.json,2026-07-24T08:47:07.351Z,2026-07-24T08:47:07.351Z
fire,positive,loop:finetune_v2,images/train/event_feedback_011794_fire_d296043b69241698.jpg,pass,YES,1,2,/home/admin1/jgzj/.runtime/yolo_loop/datasets/finetune_v2/images/train/event_feedback_011794_fire_d296043b69241698.jpg,.runtime/yolo_label_review/manual_annotations_v1/49/499de01b54c28ff08fa87d90ffc15b0b899a91975c24a082003a2f865f83a687.json,2026-07-24T08:47:15.640Z,2026-07-24T08:47:15.640Z
fire,positive,loop:finetune_v2,images/train/event_feedback_011796_smoke_37fc1a32ac2b0ba1.jpg,pass,YES,1,2,/home/admin1/jgzj/.runtime/yolo_loop/datasets/finetune_v2/images/train/event_feedback_011796_smoke_37fc1a32ac2b0ba1.jpg,.runtime/yolo_label_review/manual_annotations_v1/0f/0f826ba132c2b3face8aa2e3846079f273101a4200fd664872a11d1c45b53a37.json,2026-07-24T08:48:18.259Z,2026-07-24T08:48:18.259Z
fire,positive,loop:finetune_v2,images/train/event_feedback_011797_smoke_09cdafcfcb17f7bf.jpg,pass,YES,1,2,/home/admin1/jgzj/.runtime/yolo_loop/datasets/finetune_v2/images/train/event_feedback_011797_smoke_09cdafcfcb17f7bf.jpg,.runtime/yolo_label_review/manual_annotations_v1/fa/fabf9a0d79f4298c586ac95ca491ddc6235afe29efbd7163fda49ade80a3b41f.json,2026-07-24T08:47:51.155Z,2026-07-24T08:47:51.155Z
fire,positive,loop:finetune_v2,images/train/event_feedback_011799_smoke_478bac928bef2efe.jpg,pass,YES,1,2,/home/admin1/jgzj/.runtime/yolo_loop/datasets/finetune_v2/images/train/event_feedback_011799_smoke_478bac928bef2efe.jpg,.runtime/yolo_label_review/manual_annotations_v1/9e/9e51fa17f8da02f475e2a18cd75d1cb76a5bf793c34559ff81b7774360c52ff6.json,2026-07-24T08:48:01.940Z,2026-07-24T08:48:01.940Z
fire,positive,loop:finetune_v2,images/train/event_feedback_011800_smoke_23b30adfffe067a7.jpg,pass,YES,1,2,/home/admin1/jgzj/.runtime/yolo_loop/datasets/finetune_v2/images/train/event_feedback_011800_smoke_23b30adfffe067a7.jpg,.runtime/yolo_label_review/manual_annotations_v1/c6/c6e1b2c583978c8263329d7eafa2843fa33e82f551100707423fee3f8da80dd9.json,2026-07-24T08:48:29.518Z,2026-07-24T08:48:29.518Z
fire,positive,loop:finetune_v2,images/train/event_feedback_011801_smoke_1d5091381b6dc92f.jpg,pass,YES,1,2,/home/admin1/jgzj/.runtime/yolo_loop/datasets/finetune_v2/images/train/event_feedback_011801_smoke_1d5091381b6dc92f.jpg,.runtime/yolo_label_review/manual_annotations_v1/83/83ce80eec77dc1005e600fee3bdda2efc0fe765ae13a7faef5934cba67587acf.json,2026-07-24T08:48:42.080Z,2026-07-24T08:48:42.080Z
fire,positive,loop:finetune_v2,images/train/event_feedback_011803_fire_3cf77ac48d8f79ef.jpg,pass,YES,1,1,/home/admin1/jgzj/.runtime/yolo_loop/datasets/finetune_v2/images/train/event_feedback_011803_fire_3cf77ac48d8f79ef.jpg,.runtime/yolo_label_review/manual_annotations_v1/5e/5ef2b85b4cadea954820bc4defa5f641b46384f070aab53724ed44de31af1845.json,2026-07-24T08:48:52.306Z,2026-07-24T08:48:52.306Z
fire,positive,loop:finetune_v2,images/train/event_feedback_011805_smoke_4705cd19564d7f01.jpg,pass,YES,1,2,/home/admin1/jgzj/.runtime/yolo_loop/datasets/finetune_v2/images/train/event_feedback_011805_smoke_4705cd19564d7f01.jpg,.runtime/yolo_label_review/manual_annotations_v1/b7/b7e573754159f12edec3aeafa5605401325c3aadc6259a17bef29a2ad50b3ac3.json,2026-07-24T08:49:01.946Z,2026-07-24T08:49:01.946Z
fire,positive,loop:finetune_v2,images/train/event_feedback_011806_smoke_eaf0b8c9ea4621b1.jpg,pass,YES,1,2,/home/admin1/jgzj/.runtime/yolo_loop/datasets/finetune_v2/images/train/event_feedback_011806_smoke_eaf0b8c9ea4621b1.jpg,.runtime/yolo_label_review/manual_annotations_v1/d6/d622a2f51ffdce55821da06731ae7f1d2c99116ef6d8244888c21745be464ae5.json,2026-07-24T08:49:14.916Z,2026-07-24T08:49:14.916Z
fire,positive,loop:finetune_v2,images/train/event_feedback_011810_fire_1c99f294d382cc71.jpg,pass,YES,1,1,/home/admin1/jgzj/.runtime/yolo_loop/datasets/finetune_v2/images/train/event_feedback_011810_fire_1c99f294d382cc71.jpg,.runtime/yolo_label_review/manual_annotations_v1/09/09779762082f9eb2b7f5465633d3d8f2e71581300eee2888055f52243e7cb239.json,2026-07-24T08:49:35.137Z,2026-07-24T08:49:35.137Z
fire,positive,loop:finetune_v2,images/train/event_feedback_011811_fire_5973e096c1c8bf31.jpg,pass,YES,1,2,/home/admin1/jgzj/.runtime/yolo_loop/datasets/finetune_v2/images/train/event_feedback_011811_fire_5973e096c1c8bf31.jpg,.runtime/yolo_label_review/manual_annotations_v1/5c/5c6e407f5bab0c926631536c1945d5226bb1d0c19622d8312ec71f68bbce8df3.json,2026-07-24T08:49:39.764Z,2026-07-24T08:49:39.764Z
fire,positive,loop:finetune_v2,images/train/event_feedback_011815_smoke_25fc5320d56c9ea1.jpg,pass,YES,1,2,/home/admin1/jgzj/.runtime/yolo_loop/datasets/finetune_v2/images/train/event_feedback_011815_smoke_25fc5320d56c9ea1.jpg,.runtime/yolo_label_review/manual_annotations_v1/5f/5f3b6662a58dcfe0b2b52611bcad70a799894f27d70c7dfa66c47e03483e483f.json,2026-07-24T08:49:44.198Z,2026-07-24T08:49:44.198Z
fire,positive,loop:finetune_v2,images/train/event_feedback_011816_smoke_b5172830cc4970d6.jpg,pass,YES,1,2,/home/admin1/jgzj/.runtime/yolo_loop/datasets/finetune_v2/images/train/event_feedback_011816_smoke_b5172830cc4970d6.jpg,.runtime/yolo_label_review/manual_annotations_v1/cc/ccbeaed8ab85ef8bc6157f0d847d2a21ac1f98867b6890f3a775437c51712032.json,2026-07-24T08:49:49.320Z,2026-07-24T08:49:49.320Z
fire,positive,loop:finetune_v2,images/train/event_feedback_011817_fire_8fd929b1cf7173e5.jpg,pass,YES,1,1,/home/admin1/jgzj/.runtime/yolo_loop/datasets/finetune_v2/images/train/event_feedback_011817_fire_8fd929b1cf7173e5.jpg,.runtime/yolo_label_review/manual_annotations_v1/fa/fa62c4126cee3ebb5e07f619d5ce0820e52f58c441cc06acabf32cb3b4028a1e.json,2026-07-24T08:49:53.798Z,2026-07-24T08:49:53.798Z
fire,positive,loop:finetune_v2,images/train/event_feedback_011818_smoke_99ede038407f4c98.jpg,pass,YES,1,2,/home/admin1/jgzj/.runtime/yolo_loop/datasets/finetune_v2/images/train/event_feedback_011818_smoke_99ede038407f4c98.jpg,.runtime/yolo_label_review/manual_annotations_v1/bd/bdddd6ab722715062b99d0e481cd78b3f53960bf24fc819bfc949fa997436639.json,2026-07-24T08:49:58.593Z,2026-07-24T08:49:58.593Z
fire,positive,loop:finetune_v2,images/train/event_feedback_011819_smoke_ba399227d9f95cde.jpg,pass,YES,1,2,/home/admin1/jgzj/.runtime/yolo_loop/datasets/finetune_v2/images/train/event_feedback_011819_smoke_ba399227d9f95cde.jpg,.runtime/yolo_label_review/manual_annotations_v1/0e/0e50f6b8335bee4f2bfb0bf0d7a425290271027652e014f7405059742e98e213.json,2026-07-24T08:50:06.093Z,2026-07-24T08:50:06.093Z
fire,positive,loop:finetune_v2,images/train/event_feedback_011821_smoke_f00ed66904157696.jpg,pass,YES,1,2,/home/admin1/jgzj/.runtime/yolo_loop/datasets/finetune_v2/images/train/event_feedback_011821_smoke_f00ed66904157696.jpg,.runtime/yolo_label_review/manual_annotations_v1/61/614dd303ab9113e326cf4def5236e7b03a7e0436ecb749062109dcc785a5ab20.json,2026-07-24T08:50:16.213Z,2026-07-24T08:50:16.213Z
fire,positive,loop:finetune_v2,images/train/event_feedback_011823_smoke_424973e6b0b77628.jpg,pass,YES,1,2,/home/admin1/jgzj/.runtime/yolo_loop/datasets/finetune_v2/images/train/event_feedback_011823_smoke_424973e6b0b77628.jpg,.runtime/yolo_label_review/manual_annotations_v1/e4/e4129b6c0ed253d31931e87af575377aee9f763e9b2d825780f59f08ffcd5e5b.json,2026-07-24T08:50:23.497Z,2026-07-24T08:50:23.497Z
fire,positive,loop:finetune_v2,images/train/event_feedback_011826_smoke_65ed9ed3bbaca228.jpg,pass,YES,1,2,/home/admin1/jgzj/.runtime/yolo_loop/datasets/finetune_v2/images/train/event_feedback_011826_smoke_65ed9ed3bbaca228.jpg,.runtime/yolo_label_review/manual_annotations_v1/4f/4fc857f579866b7b0c34fb96fb72675d6d7f27a2206bfff175a193b607696eef.json,2026-07-24T08:50:53.451Z,2026-07-24T08:50:53.451Z
fire,positive,loop:finetune_v2,images/train/event_feedback_011836_smoke_96e513da8057ed0b.jpg,pass,YES,1,2,/home/admin1/jgzj/.runtime/yolo_loop/datasets/finetune_v2/images/train/event_feedback_011836_smoke_96e513da8057ed0b.jpg,.runtime/yolo_label_review/manual_annotations_v1/db/db01df590175db4ecb72e53e8430761fc830976619f650e6355bcb0dd1ed9d1a.json,2026-07-24T08:52:31.233Z,2026-07-24T08:52:31.233Z
fire,positive,loop:finetune_v2,images/train/event_feedback_011838_smoke_cb573bbb3c153c3d.jpg,pass,YES,1,2,/home/admin1/jgzj/.runtime/yolo_loop/datasets/finetune_v2/images/train/event_feedback_011838_smoke_cb573bbb3c153c3d.jpg,.runtime/yolo_label_review/manual_annotations_v1/65/65506ec187154c6746d98943f25dab39840834112b8b9e043e013acfb27a644c.json,2026-07-24T08:52:44.131Z,2026-07-24T08:52:44.131Z
fire,positive,loop:finetune_v2,images/train/event_feedback_011839_smoke_91626b39351ea5b7.jpg,pass,YES,1,2,/home/admin1/jgzj/.runtime/yolo_loop/datasets/finetune_v2/images/train/event_feedback_011839_smoke_91626b39351ea5b7.jpg,.runtime/yolo_label_review/manual_annotations_v1/2f/2ffbbbe7ea74b71d65027cd6d150bef6551ac091590ef02017afe4976d8b102f.json,2026-07-24T08:52:53.197Z,2026-07-24T08:52:53.197Z
fire,positive,loop:finetune_v2,images/train/event_feedback_011840_smoke_d92f82a666c7de44.jpg,pass,YES,1,2,/home/admin1/jgzj/.runtime/yolo_loop/datasets/finetune_v2/images/train/event_feedback_011840_smoke_d92f82a666c7de44.jpg,.runtime/yolo_label_review/manual_annotations_v1/8d/8d3014d8f1b9edb5f97bcac912de1ed24307715e50a795126f5373fde1182eb1.json,2026-07-24T08:53:02.239Z,2026-07-24T08:53:02.239Z
fire,positive,loop:finetune_v2,images/train/event_feedback_011841_smoke_7fab4608dd84912b.jpg,pass,YES,1,2,/home/admin1/jgzj/.runtime/yolo_loop/datasets/finetune_v2/images/train/event_feedback_011841_smoke_7fab4608dd84912b.jpg,.runtime/yolo_label_review/manual_annotations_v1/bc/bce7bd49fa124b6ede19177f9aff070dc304c9a2504d1a0f649422b9ae26f951.json,2026-07-24T08:53:10.953Z,2026-07-24T08:53:10.953Z
fire,positive,loop:finetune_v2,images/train/event_feedback_011842_smoke_877f61b18eb7e23c.jpg,pass,YES,1,2,/home/admin1/jgzj/.runtime/yolo_loop/datasets/finetune_v2/images/train/event_feedback_011842_smoke_877f61b18eb7e23c.jpg,.runtime/yolo_label_review/manual_annotations_v1/29/296b7847ddc48d72c8fd9a6b4c60d9cd19eb7d95bc9aa9386fa3fec71b0a176d.json,2026-07-24T08:53:23.103Z,2026-07-24T08:53:23.103Z
fire,positive,loop:finetune_v2,images/train/event_feedback_011843_smoke_7f141302546eae03.jpg,pass,YES,1,2,/home/admin1/jgzj/.runtime/yolo_loop/datasets/finetune_v2/images/train/event_feedback_011843_smoke_7f141302546eae03.jpg,.runtime/yolo_label_review/manual_annotations_v1/de/de394300cfd77edee3b060da5fce46ba2f96c250851edac50cfa5f3db33059b1.json,2026-07-24T08:53:41.162Z,2026-07-24T08:53:41.162Z
fire,positive,loop:finetune_v2,images/train/event_feedback_011847_smoke_b24c5b199daff1f3.jpg,pass,YES,1,2,/home/admin1/jgzj/.runtime/yolo_loop/datasets/finetune_v2/images/train/event_feedback_011847_smoke_b24c5b199daff1f3.jpg,.runtime/yolo_label_review/manual_annotations_v1/b2/b2e3e6838a6f82e2fcdb7fe27bb606e9734197b676393f8d11988c7ce2afdd5f.json,2026-07-24T08:53:50.583Z,2026-07-24T08:53:50.583Z
fire,positive,loop:finetune_v2,images/train/event_feedback_011849_fire_bbbc70ecec2577ce.jpg,pass,YES,1,2,/home/admin1/jgzj/.runtime/yolo_loop/datasets/finetune_v2/images/train/event_feedback_011849_fire_bbbc70ecec2577ce.jpg,.runtime/yolo_label_review/manual_annotations_v1/36/3678a9738ee42ce4055b77f700b52423af6e4c44f0cf8fd76408fa69677e5800.json,2026-07-24T08:53:54.398Z,2026-07-24T08:53:54.398Z
fire,positive,loop:finetune_v2,images/train/event_feedback_011852_fire_f7220e84fe52c60f.jpg,pass,YES,1,2,/home/admin1/jgzj/.runtime/yolo_loop/datasets/finetune_v2/images/train/event_feedback_011852_fire_f7220e84fe52c60f.jpg,.runtime/yolo_label_review/manual_annotations_v1/c4/c4e678f217cca0ff81e6771404a978271feb910615bb5c52ebca43b7020ed345.json,2026-07-24T08:53:58.897Z,2026-07-24T08:53:58.897Z
fire,positive,loop:finetune_v2,images/train/event_feedback_011855_fire_4cb68e1adc11058b.jpg,pass,YES,1,2,/home/admin1/jgzj/.runtime/yolo_loop/datasets/finetune_v2/images/train/event_feedback_011855_fire_4cb68e1adc11058b.jpg,.runtime/yolo_label_review/manual_annotations_v1/04/04447f66f8e6d117681ed64595ac5ce6d7449332b1820b7707493d613dd26787.json,2026-07-24T08:54:10.357Z,2026-07-24T08:54:10.357Z
fire,positive,loop:finetune_v2,images/train/event_feedback_011856_fire_8350be6766e3914c.jpg,pass,YES,1,2,/home/admin1/jgzj/.runtime/yolo_loop/datasets/finetune_v2/images/train/event_feedback_011856_fire_8350be6766e3914c.jpg,.runtime/yolo_label_review/manual_annotations_v1/18/1896e05579876c18451a6d9e4b97d48fbd7fe7e5d4f60567395933df3f51a793.json,2026-07-24T08:54:17.193Z,2026-07-24T08:54:17.193Z
fire,positive,loop:finetune_v2,images/train/event_feedback_011857_fire_413d52a263df7bc4.jpg,pass,YES,1,2,/home/admin1/jgzj/.runtime/yolo_loop/datasets/finetune_v2/images/train/event_feedback_011857_fire_413d52a263df7bc4.jpg,.runtime/yolo_label_review/manual_annotations_v1/2b/2b8067d110633498e952cb75f6d4a80b47838c5b3bfed0e5a45d430d019a9ed0.json,2026-07-24T08:54:26.931Z,2026-07-24T08:54:26.931Z
fire,positive,loop:finetune_v2,images/train/event_feedback_011859_fire_02c16b337357e8e3.jpg,pass,YES,1,2,/home/admin1/jgzj/.runtime/yolo_loop/datasets/finetune_v2/images/train/event_feedback_011859_fire_02c16b337357e8e3.jpg,.runtime/yolo_label_review/manual_annotations_v1/df/dfec27beafee8edb13821b26acc8cf67241f16cebee2e12ae503a2f551e823f4.json,2026-07-24T08:54:41.951Z,2026-07-24T08:54:41.951Z
fire,positive,loop:finetune_v2,images/train/event_feedback_011860_fire_1db482c2f9fcfaa5.jpg,pass,YES,1,2,/home/admin1/jgzj/.runtime/yolo_loop/datasets/finetune_v2/images/train/event_feedback_011860_fire_1db482c2f9fcfaa5.jpg,.runtime/yolo_label_review/manual_annotations_v1/7f/7f7125e88301752757601a9da23a5d71f1a74c42c72ed331605132bf99657a94.json,2026-07-24T08:53:34.628Z,2026-07-24T08:53:34.628Z
fire,positive,loop:finetune_v2,images/train/event_feedback_011861_fire_99cf2617354ceb35.jpg,pass,YES,1,2,/home/admin1/jgzj/.runtime/yolo_loop/datasets/finetune_v2/images/train/event_feedback_011861_fire_99cf2617354ceb35.jpg,.runtime/yolo_label_review/manual_annotations_v1/cd/cdcadeab06188e59eec1fbe8cf552dd9583918e8ab689db717e991c66ad8c96a.json,2026-07-24T08:54:49.547Z,2026-07-24T08:54:49.547Z
fire,positive,loop:finetune_v2,images/train/event_feedback_011862_fire_53c860a9215244bf.jpg,pass,YES,1,2,/home/admin1/jgzj/.runtime/yolo_loop/datasets/finetune_v2/images/train/event_feedback_011862_fire_53c860a9215244bf.jpg,.runtime/yolo_label_review/manual_annotations_v1/c7/c769eb32e47c4b38857e7d5d0d6bd43d49543b54eff65d1194c370667fb625e4.json,2026-07-24T08:54:57.355Z,2026-07-24T08:54:57.355Z
fire,positive,loop:finetune_v2,images/train/event_feedback_011864_fire_c656317eb5803917.jpg,pass,YES,1,2,/home/admin1/jgzj/.runtime/yolo_loop/datasets/finetune_v2/images/train/event_feedback_011864_fire_c656317eb5803917.jpg,.runtime/yolo_label_review/manual_annotations_v1/a7/a779f7ec81e827d92073a16fe36298d4a3c70bbc2902faefc6c228d1e48473b9.json,2026-07-24T08:55:05.202Z,2026-07-24T08:55:05.202Z
fire,positive,loop:finetune_v2,images/train/event_feedback_011865_fire_42093509ca375dc1.jpg,pass,YES,1,2,/home/admin1/jgzj/.runtime/yolo_loop/datasets/finetune_v2/images/train/event_feedback_011865_fire_42093509ca375dc1.jpg,.runtime/yolo_label_review/manual_annotations_v1/1f/1f4970716643cb0c5f60283b23b4c5fb7ab6e69a7ddc594c9c282000d97fffcf.json,2026-07-24T08:55:12.706Z,2026-07-24T08:55:12.706Z
fire,positive,loop:finetune_v2,images/train/event_feedback_011866_fire_32e507ce743b5fea.jpg,pass,YES,1,2,/home/admin1/jgzj/.runtime/yolo_loop/datasets/finetune_v2/images/train/event_feedback_011866_fire_32e507ce743b5fea.jpg,.runtime/yolo_label_review/manual_annotations_v1/ae/ae9b8702761cdc6e279c9fedcc50516c3f7189d469df22c27b1fb76a3eaecaae.json,2026-07-24T08:55:21.777Z,2026-07-24T08:55:21.777Z
fire,positive,loop:finetune_v2,images/train/event_feedback_011867_fire_75597069b314dd2e.jpg,pass,YES,1,2,/home/admin1/jgzj/.runtime/yolo_loop/datasets/finetune_v2/images/train/event_feedback_011867_fire_75597069b314dd2e.jpg,.runtime/yolo_label_review/manual_annotations_v1/d4/d48cccfba75d61d4c177de0db565e0f6ba8b7ae7a10ba4f07960c37be9a264b0.json,2026-07-24T08:55:31.336Z,2026-07-24T08:55:31.336Z
fire,positive,loop:finetune_v2,images/train/event_feedback_011868_fire_12f81c75c3edc379.jpg,pass,YES,1,2,/home/admin1/jgzj/.runtime/yolo_loop/datasets/finetune_v2/images/train/event_feedback_011868_fire_12f81c75c3edc379.jpg,.runtime/yolo_label_review/manual_annotations_v1/0d/0d5022be06af610eab134bfc51fef6363b7ddc45cc5c3b718620914e8cfba470.json,2026-07-24T08:55:39.953Z,2026-07-24T08:55:39.953Z
fire,positive,loop:finetune_v2,images/train/event_feedback_011871_fire_3c491bbc4e3e8a6c.jpg,pass,YES,1,2,/home/admin1/jgzj/.runtime/yolo_loop/datasets/finetune_v2/images/train/event_feedback_011871_fire_3c491bbc4e3e8a6c.jpg,.runtime/yolo_label_review/manual_annotations_v1/0d/0defbca2809d48f2c9020fc689d37305d72e274f43c6ef552561cdaa694598e9.json,2026-07-24T08:56:08.078Z,2026-07-24T08:56:08.078Z
fire,positive,loop:finetune_v2,images/train/event_feedback_011872_fire_b225a77a712e5c2b.jpg,pass,YES,1,2,/home/admin1/jgzj/.runtime/yolo_loop/datasets/finetune_v2/images/train/event_feedback_011872_fire_b225a77a712e5c2b.jpg,.runtime/yolo_label_review/manual_annotations_v1/13/138f5282ca6c21830f40510a3c55d1d5c8d29845f42eddcf822ee0169b914943.json,2026-07-24T08:56:19.449Z,2026-07-24T08:56:19.449Z
fire,positive,loop:finetune_v2,images/train/event_feedback_011875_smoke_63eb28c5dbeae1ec.jpg,pass,YES,1,2,/home/admin1/jgzj/.runtime/yolo_loop/datasets/finetune_v2/images/train/event_feedback_011875_smoke_63eb28c5dbeae1ec.jpg,.runtime/yolo_label_review/manual_annotations_v1/b0/b0484205f81cbe9562091e26de518cf9877afe66e77be8aa9fabdc2da3c6397e.json,2026-07-24T08:56:28.782Z,2026-07-24T08:56:28.782Z
fire,positive,loop:finetune_v2,images/train/event_feedback_011878_smoke_5257b69810861a85.jpg,pass,YES,1,2,/home/admin1/jgzj/.runtime/yolo_loop/datasets/finetune_v2/images/train/event_feedback_011878_smoke_5257b69810861a85.jpg,.runtime/yolo_label_review/manual_annotations_v1/97/97d67e24910517428394e4973b92ba0b89234fc171d107bb513245818698d1ff.json,2026-07-24T08:56:50.692Z,2026-07-24T08:56:50.692Z
fire,positive,loop:finetune_v2,images/train/event_feedback_011879_smoke_6d61ff3bb9b6e1d9.jpg,pass,YES,1,2,/home/admin1/jgzj/.runtime/yolo_loop/datasets/finetune_v2/images/train/event_feedback_011879_smoke_6d61ff3bb9b6e1d9.jpg,.runtime/yolo_label_review/manual_annotations_v1/ba/ba9345864ba7b56345f9410c4419fa4be61d638db727a92834d0ac44b89774bd.json,2026-07-24T08:57:08.738Z,2026-07-24T08:57:08.738Z
fire,positive,loop:finetune_v2,images/train/event_feedback_011882_smoke_e7906a1b68bc0dc7.jpg,pass,YES,1,2,/home/admin1/jgzj/.runtime/yolo_loop/datasets/finetune_v2/images/train/event_feedback_011882_smoke_e7906a1b68bc0dc7.jpg,.runtime/yolo_label_review/manual_annotations_v1/1f/1f4bf0d6d8a3fee8490525b5c46fba93913d43a6edf15f691be19f7904897c05.json,2026-07-24T08:57:13.532Z,2026-07-24T08:57:13.532Z
fire,positive,loop:finetune_v2,images/train/event_feedback_011883_smoke_5d8eee0cc739c10c.jpg,pass,YES,1,2,/home/admin1/jgzj/.runtime/yolo_loop/datasets/finetune_v2/images/train/event_feedback_011883_smoke_5d8eee0cc739c10c.jpg,.runtime/yolo_label_review/manual_annotations_v1/6f/6fdf60f68fd9a0497df46ded408123ec33fb565f7ac029280ce3e8bbcc69a722.json,2026-07-24T08:57:17.805Z,2026-07-24T08:57:17.805Z
fire,positive,loop:finetune_v2,images/train/event_feedback_011885_fire_d129820676e1f1ed.jpg,pass,YES,1,1,/home/admin1/jgzj/.runtime/yolo_loop/datasets/finetune_v2/images/train/event_feedback_011885_fire_d129820676e1f1ed.jpg,.runtime/yolo_label_review/manual_annotations_v1/bf/bfc2b18770dea7144a554f49473190ea63ae7e554eff46829e822ba10ed17832.json,2026-07-24T08:57:22.428Z,2026-07-24T08:57:22.428Z
fire,positive,loop:finetune_v2,images/train/event_feedback_011891_fire_1635e2fed0c01f2f.jpg,pass,YES,1,2,/home/admin1/jgzj/.runtime/yolo_loop/datasets/finetune_v2/images/train/event_feedback_011891_fire_1635e2fed0c01f2f.jpg,.runtime/yolo_label_review/manual_annotations_v1/4b/4befb0886d3c1376b5b9cedbc90d74980fc7c5db40d5a1cf578b51fbb438911a.json,2026-07-24T08:57:35.016Z,2026-07-24T08:57:35.016Z
fire,positive,loop:finetune_v2,images/train/event_feedback_011892_fire_365fd48a33946168.jpg,pass,YES,1,2,/home/admin1/jgzj/.runtime/yolo_loop/datasets/finetune_v2/images/train/event_feedback_011892_fire_365fd48a33946168.jpg,.runtime/yolo_label_review/manual_annotations_v1/3b/3bba830428f5247d82509027f1be1edb569d97998ae901cde58d8fc181e31bcd.json,2026-07-24T08:57:42.158Z,2026-07-24T08:57:42.158Z
fire,positive,loop:finetune_v2,images/train/event_feedback_011894_fire_6f6f836934b78cec.jpg,pass,YES,1,2,/home/admin1/jgzj/.runtime/yolo_loop/datasets/finetune_v2/images/train/event_feedback_011894_fire_6f6f836934b78cec.jpg,.runtime/yolo_label_review/manual_annotations_v1/34/34bc9204a32c9f983e634a3bdc03b3fc88d51b07578bd04d87c89c87a12b96c2.json,2026-07-24T08:57:49.721Z,2026-07-24T08:57:49.721Z
fire,positive,loop:finetune_v2,images/train/event_feedback_011895_fire_b7665ac21d617b55.jpg,pass,YES,1,1,/home/admin1/jgzj/.runtime/yolo_loop/datasets/finetune_v2/images/train/event_feedback_011895_fire_b7665ac21d617b55.jpg,.runtime/yolo_label_review/manual_annotations_v1/81/81fae0be54c1386ed3978833aaba6e32eead658abeb33005baf78840b6012f3a.json,2026-07-24T08:57:57.353Z,2026-07-24T08:57:57.353Z
fire,positive,loop:finetune_v2,images/train/event_feedback_011898_fire_7dbe6b8891ff4f50.jpg,pass,YES,1,1,/home/admin1/jgzj/.runtime/yolo_loop/datasets/finetune_v2/images/train/event_feedback_011898_fire_7dbe6b8891ff4f50.jpg,.runtime/yolo_label_review/manual_annotations_v1/0c/0c4e8d777b38721ab761453536fd7d39af43f39a8af130dd3af9f0092f9f28be.json,2026-07-24T08:58:05.291Z,2026-07-24T08:58:05.291Z
fire,positive,loop:finetune_v2,images/train/event_feedback_011900_fire_5c2d83964375b3fd.jpg,pass,YES,1,2,/home/admin1/jgzj/.runtime/yolo_loop/datasets/finetune_v2/images/train/event_feedback_011900_fire_5c2d83964375b3fd.jpg,.runtime/yolo_label_review/manual_annotations_v1/63/6343f69c404794f4fac38afaeee1715c4f91811ad7adc9c8b2cf875a7a96dd54.json,2026-07-24T08:58:13.513Z,2026-07-24T08:58:13.513Z
fire,positive,loop:finetune_v2,images/train/event_feedback_011908_fire_ef6534e268f721ed.jpg,pass,YES,1,1,/home/admin1/jgzj/.runtime/yolo_loop/datasets/finetune_v2/images/train/event_feedback_011908_fire_ef6534e268f721ed.jpg,.runtime/yolo_label_review/manual_annotations_v1/7e/7e266c72301aa25c34c82e75919a020db628831b816b5e83c2317c4668d1a6ad.json,2026-07-24T08:59:00.189Z,2026-07-24T08:59:00.189Z
fire,positive,loop:finetune_v2,images/train/event_feedback_023110_fire_bf1b926e61dee97c.jpg,pass,YES,2,2,/home/admin1/jgzj/.runtime/yolo_loop/datasets/finetune_v2/images/train/event_feedback_023110_fire_bf1b926e61dee97c.jpg,.runtime/yolo_label_review/manual_annotations_v1/62/623e68599324b809cbb6570049dc9a23321cef3227ede5c73ba695c3796e39a4.json,2026-07-24T09:10:32.930Z,2026-07-24T09:10:32.930Z
fire,positive,loop:finetune_v2,images/val/event_feedback_011746_fire_832d15a17305cdb4.jpg,pass,YES,1,2,/home/admin1/jgzj/.runtime/yolo_loop/datasets/finetune_v2/images/val/event_feedback_011746_fire_832d15a17305cdb4.jpg,.runtime/yolo_label_review/manual_annotations_v1/db/db42c41dd6bf949f9c5a2f134836417546d117a7e6d8510f6e5f3f9e41deedb6.json,2026-07-24T08:43:27.806Z,2026-07-24T08:43:27.806Z
fire,positive,loop:finetune_v2,images/val/event_feedback_011760_smoke_4b5799f0e5826071.jpg,pass,YES,1,2,/home/admin1/jgzj/.runtime/yolo_loop/datasets/finetune_v2/images/val/event_feedback_011760_smoke_4b5799f0e5826071.jpg,.runtime/yolo_label_review/manual_annotations_v1/83/83ec8b84a50b2a8b5133fbce54049c3fdf5265f223af57c8a46421abf3b09a19.json,2026-07-24T08:44:38.781Z,2026-07-24T08:44:38.781Z
fire,positive,loop:finetune_v2,images/val/event_feedback_011787_smoke_6f51fcc419961edf.jpg,pass,YES,1,2,/home/admin1/jgzj/.runtime/yolo_loop/datasets/finetune_v2/images/val/event_feedback_011787_smoke_6f51fcc419961edf.jpg,.runtime/yolo_label_review/manual_annotations_v1/79/795ba71fc6551d23be5a9d9011887a6609998e5f22848341d777a67764b465e4.json,2026-07-24T08:46:32.883Z,2026-07-24T08:46:32.883Z
fire,positive,loop:finetune_v2,images/val/event_feedback_011854_fire_918491d30fa00bd0.jpg,pass,YES,1,2,/home/admin1/jgzj/.runtime/yolo_loop/datasets/finetune_v2/images/val/event_feedback_011854_fire_918491d30fa00bd0.jpg,.runtime/yolo_label_review/manual_annotations_v1/b9/b98280bce3b51b6976a23a3c225260e089921bdff7219780c8fd42b3b7f0c8f6.json,2026-07-24T08:54:03.442Z,2026-07-24T08:54:03.442Z
fire,positive,loop:finetune_v2,images/val/event_feedback_011858_fire_b4af8e5e03c3cc09.jpg,pass,YES,1,2,/home/admin1/jgzj/.runtime/yolo_loop/datasets/finetune_v2/images/val/event_feedback_011858_fire_b4af8e5e03c3cc09.jpg,.runtime/yolo_label_review/manual_annotations_v1/c4/c4ebf08e0e24416eb564eae8a0516ae236cd17f1dfe7dcf6b41fe09ea206e040.json,2026-07-24T08:54:34.380Z,2026-07-24T08:54:34.380Z
fire,positive,loop:finetune_v2,images/val/event_feedback_011877_smoke_d6bd0666a89f020c.jpg,pass,YES,1,2,/home/admin1/jgzj/.runtime/yolo_loop/datasets/finetune_v2/images/val/event_feedback_011877_smoke_d6bd0666a89f020c.jpg,.runtime/yolo_label_review/manual_annotations_v1/b9/b9cfcddf08d3dd2ba28650554fea237875c04fa4f0d9f1bfca7dd63ae7d6d320.json,2026-07-24T08:56:37.603Z,2026-07-24T08:56:37.603Z
fire,positive,loop:finetune_v2,images/val/event_feedback_011899_fire_3723ea062db5d97e.jpg,pass,YES,1,1,/home/admin1/jgzj/.runtime/yolo_loop/datasets/finetune_v2/images/val/event_feedback_011899_fire_3723ea062db5d97e.jpg,.runtime/yolo_label_review/manual_annotations_v1/76/76289e1d48e4ed085c470f652cc51a38ae3458485af64a1853d8c5f5b5c81a85.json,2026-07-24T08:57:02.974Z,2026-07-24T08:57:02.974Z
fire,positive,loop:finetune_v2,images/val/event_feedback_011902_fire_35f3fd843bb04ad8.jpg,pass,YES,1,1,/home/admin1/jgzj/.runtime/yolo_loop/datasets/finetune_v2/images/val/event_feedback_011902_fire_35f3fd843bb04ad8.jpg,.runtime/yolo_label_review/manual_annotations_v1/e5/e5b4f882aefe4d7b9698cd8de4207a70f029dd3ce95fc6b160f820e0a8dafdbd.json,2026-07-24T08:58:23.122Z,2026-07-24T08:58:23.122Z
fire,positive,loop:finetune_v2,images/val/event_feedback_011903_fire_b4cb22473b97ed84.jpg,pass,YES,1,1,/home/admin1/jgzj/.runtime/yolo_loop/datasets/finetune_v2/images/val/event_feedback_011903_fire_b4cb22473b97ed84.jpg,.runtime/yolo_label_review/manual_annotations_v1/0f/0f9b476d3712a4e5420a81df5324715dcb98c49367a1aaaefb15e701d8d0636a.json,2026-07-24T08:58:31.150Z,2026-07-24T08:58:31.150Z
fire,positive,loop:fire_smoke_web_candidates_v3,images/review/023488b29e3b79032d61312f.jpg,pass,YES,1,2,/home/admin1/jgzj/.runtime/yolo_loop/datasets/fire_smoke_web_candidates_v3/images/review/023488b29e3b79032d61312f.jpg,.runtime/yolo_label_review/manual_annotations_v1/2b/2be6c0a39fffec063e43419a9c88a591ca388a206cfc0a540726830c945bce20.json,2026-07-27T04:44:20.998Z,2026-07-27T04:44:20.998Z
fire,positive,loop:fire_smoke_web_candidates_v3,images/review/0244482e5337ebf9644856fa.jpg,pass,YES,1,2,/home/admin1/jgzj/.runtime/yolo_loop/datasets/fire_smoke_web_candidates_v3/images/review/0244482e5337ebf9644856fa.jpg,.runtime/yolo_label_review/manual_annotations_v1/30/300fe9111c855988e39c5c50d76f54666170bcd96508f109832de75e2081f88e.json,2026-07-27T02:40:52.662Z,2026-07-27T02:40:52.662Z
fire,positive,loop:fire_smoke_web_candidates_v3,images/review/0770d340b4d2811f20cfa3f8.jpg,pass,YES,3,4,/home/admin1/jgzj/.runtime/yolo_loop/datasets/fire_smoke_web_candidates_v3/images/review/0770d340b4d2811f20cfa3f8.jpg,.runtime/yolo_label_review/manual_annotations_v1/86/863f4450b6b2261a9f0d334067d79e3ee31403cb43f8bcf283d57f787f983898.json,2026-07-27T03:04:52.066Z,2026-07-27T03:04:52.066Z
fire,positive,loop:fire_smoke_web_candidates_v3,images/review/0dcc1fcaf5c2bb5dc19b7603.jpg,pass,YES,1,1,/home/admin1/jgzj/.runtime/yolo_loop/datasets/fire_smoke_web_candidates_v3/images/review/0dcc1fcaf5c2bb5dc19b7603.jpg,.runtime/yolo_label_review/manual_annotations_v1/3b/3ba03c8ffb692110c0bf048db1ac45aea939535937b07c6631ed586bf2673746.json,2026-07-27T02:59:07.403Z,2026-07-27T02:59:07.403Z
fire,positive,loop:fire_smoke_web_candidates_v3,images/review/1359455dfde62e759ae77987.jpg,pass,YES,1,2,/home/admin1/jgzj/.runtime/yolo_loop/datasets/fire_smoke_web_candidates_v3/images/review/1359455dfde62e759ae77987.jpg,.runtime/yolo_label_review/manual_annotations_v1/7e/7ea7b8f2689740d0149fb264b50acdca314a560032d35ed6299c9fb7f8fe5353.json,2026-07-27T03:17:57.296Z,2026-07-27T03:17:57.296Z
fire,positive,loop:fire_smoke_web_candidates_v3,images/review/1444648a19d8840872a165bb.jpg,pass,YES,1,2,/home/admin1/jgzj/.runtime/yolo_loop/datasets/fire_smoke_web_candidates_v3/images/review/1444648a19d8840872a165bb.jpg,.runtime/yolo_label_review/manual_annotations_v1/d5/d5474ada5026757fbc1848568554b1ac5e345d36fd8e7dc818f6479fd71287b4.json,2026-07-27T04:19:35.625Z,2026-07-27T04:19:35.625Z
fire,positive,loop:fire_smoke_web_candidates_v3,images/review/16555cfc65e1087419adf51c.jpg,pass,YES,1,1,/home/admin1/jgzj/.runtime/yolo_loop/datasets/fire_smoke_web_candidates_v3/images/review/16555cfc65e1087419adf51c.jpg,.runtime/yolo_label_review/manual_annotations_v1/d2/d2d33674baaa9a9e9e9f94e0b56ed9d624d34c54a33eddd5e830d0b7f39db7fe.json,2026-07-27T02:51:11.240Z,2026-07-27T02:51:11.240Z
fire,positive,loop:fire_smoke_web_candidates_v3,images/review/17d8da30651934b60d8c43e0.jpg,pass,YES,1,2,/home/admin1/jgzj/.runtime/yolo_loop/datasets/fire_smoke_web_candidates_v3/images/review/17d8da30651934b60d8c43e0.jpg,.runtime/yolo_label_review/manual_annotations_v1/4d/4d492f1ec17b84648b048a8edd150074190d2fbf8d6f546a40bc2a5c0d2c4da4.json,2026-07-27T04:35:56.174Z,2026-07-27T04:35:56.174Z
fire,positive,loop:fire_smoke_web_candidates_v3,images/review/18adefba6300a128c9961079.jpg,pass,YES,3,4,/home/admin1/jgzj/.runtime/yolo_loop/datasets/fire_smoke_web_candidates_v3/images/review/18adefba6300a128c9961079.jpg,.runtime/yolo_label_review/manual_annotations_v1/4c/4cde5a23acfcbd7671b6e85cb4ce552922d47bfa9f942a547890a14b95815128.json,2026-07-27T04:40:37.079Z,2026-07-27T04:40:37.079Z
fire,positive,loop:fire_smoke_web_candidates_v3,images/review/228e07d3d992712ae494fd37.jpg,pass,YES,1,2,/home/admin1/jgzj/.runtime/yolo_loop/datasets/fire_smoke_web_candidates_v3/images/review/228e07d3d992712ae494fd37.jpg,.runtime/yolo_label_review/manual_annotations_v1/f6/f6fd9f1bbdbd4837c6e8c55e15d0965effc117c1e7b1e5ca79899e594bb0fce2.json,2026-07-27T04:30:57.476Z,2026-07-27T04:30:57.476Z
fire,positive,loop:fire_smoke_web_candidates_v3,images/review/22c804ec6fb948614fa7b2af.jpg,pass,YES,1,3,/home/admin1/jgzj/.runtime/yolo_loop/datasets/fire_smoke_web_candidates_v3/images/review/22c804ec6fb948614fa7b2af.jpg,.runtime/yolo_label_review/manual_annotations_v1/70/7024c70aa1b674878ed0ff5caeb101f4bf91bd25858882850229b423ba04eac8.json,2026-07-27T04:37:54.390Z,2026-07-27T04:37:54.390Z
fire,positive,loop:fire_smoke_web_candidates_v3,images/review/2349d8f2781094fb6f78ce38.jpg,pass,YES,1,2,/home/admin1/jgzj/.runtime/yolo_loop/datasets/fire_smoke_web_candidates_v3/images/review/2349d8f2781094fb6f78ce38.jpg,.runtime/yolo_label_review/manual_annotations_v1/7b/7b0e2bd18401b710f95236a93aa0bbdcf79e01866cbc3009730568cb474dfd04.json,2026-07-21T03:20:27.769Z,2026-07-21T03:20:27.769Z
fire,positive,loop:fire_smoke_web_candidates_v3,images/review/23b2e946403fd6a3999cb172.jpg,pass,YES,1,2,/home/admin1/jgzj/.runtime/yolo_loop/datasets/fire_smoke_web_candidates_v3/images/review/23b2e946403fd6a3999cb172.jpg,.runtime/yolo_label_review/manual_annotations_v1/27/2739ef7022bfde9584bfab9db2fe5798f0e8794e1ad8236ae7eef8d22a81e0e7.json,2026-07-27T02:39:34.875Z,2026-07-27T02:39:34.875Z
fire,positive,loop:fire_smoke_web_candidates_v3,images/review/26be12810830562ced2f5304.jpg,pass,YES,1,2,/home/admin1/jgzj/.runtime/yolo_loop/datasets/fire_smoke_web_candidates_v3/images/review/26be12810830562ced2f5304.jpg,.runtime/yolo_label_review/manual_annotations_v1/30/30961abc7620d0797382da4ef96241b9aa4aa97af5fe9bfd53b893191e591837.json,2026-07-27T03:00:21.330Z,2026-07-27T03:00:21.330Z
fire,positive,loop:fire_smoke_web_candidates_v3,images/review/2b2054572f28665e973be265.jpg,pass,YES,1,2,/home/admin1/jgzj/.runtime/yolo_loop/datasets/fire_smoke_web_candidates_v3/images/review/2b2054572f28665e973be265.jpg,.runtime/yolo_label_review/manual_annotations_v1/71/71337cc1643df5614afb44ca636db6a1a838e835dcbc6d7ed167ee5bcd08529c.json,2026-07-27T04:21:47.561Z,2026-07-27T04:21:47.561Z
fire,positive,loop:fire_smoke_web_candidates_v3,images/review/2c9cb5df6e064e08494e558d.jpg,pass,YES,1,1,/home/admin1/jgzj/.runtime/yolo_loop/datasets/fire_smoke_web_candidates_v3/images/review/2c9cb5df6e064e08494e558d.jpg,.runtime/yolo_label_review/manual_annotations_v1/2c/2cda24a4e18eb02dcf66062d31d47a902423ad3bf84a686409e17d35d280e311.json,2026-07-27T04:27:33.033Z,2026-07-27T04:27:33.033Z
fire,positive,loop:fire_smoke_web_candidates_v3,images/review/348bd6dddf3591fe0f37d117.jpg,pass,YES,3,4,/home/admin1/jgzj/.runtime/yolo_loop/datasets/fire_smoke_web_candidates_v3/images/review/348bd6dddf3591fe0f37d117.jpg,.runtime/yolo_label_review/manual_annotations_v1/af/aff105ebc3c70aa2245919d32c79c562933443a9f21c5585f7b378863dccaaf8.json,2026-07-27T02:48:50.485Z,2026-07-27T02:48:50.485Z
fire,positive,loop:fire_smoke_web_candidates_v3,images/review/357fb4ead39c615ee2a3c71f.jpg,pass,YES,1,1,/home/admin1/jgzj/.runtime/yolo_loop/datasets/fire_smoke_web_candidates_v3/images/review/357fb4ead39c615ee2a3c71f.jpg,.runtime/yolo_label_review/manual_annotations_v1/c4/c43e6ca4f8cafe42411090683a6da7f391afb49ceeb2c516c2c74e8155fa4859.json,2026-07-21T03:18:46.282Z,2026-07-21T03:18:46.282Z
fire,positive,loop:fire_smoke_web_candidates_v3,images/review/3c6dfa3ee5a133d89714cbe9.jpg,pass,YES,1,1,/home/admin1/jgzj/.runtime/yolo_loop/datasets/fire_smoke_web_candidates_v3/images/review/3c6dfa3ee5a133d89714cbe9.jpg,.runtime/yolo_label_review/manual_annotations_v1/c6/c6bbe04b2389078668ce4a438cfa4cb6b95e532b87cfa31d9d1f70fd7fa53c1e.json,2026-07-21T03:06:40.071Z,2026-07-21T03:06:40.071Z
fire,positive,loop:fire_smoke_web_candidates_v3,images/review/3ea860cfc56666c6b5d93c1f.jpg,pass,YES,1,1,/home/admin1/jgzj/.runtime/yolo_loop/datasets/fire_smoke_web_candidates_v3/images/review/3ea860cfc56666c6b5d93c1f.jpg,.runtime/yolo_label_review/manual_annotations_v1/23/23bae4b2b78a1e367f2df81c08536eddfc5b53252779b1955700e44087c3ab76.json,2026-07-27T04:45:37.871Z,2026-07-27T04:45:37.871Z
fire,positive,loop:fire_smoke_web_candidates_v3,images/review/3f2931cde0f58e2e9e544fa1.jpg,pass,YES,1,2,/home/admin1/jgzj/.runtime/yolo_loop/datasets/fire_smoke_web_candidates_v3/images/review/3f2931cde0f58e2e9e544fa1.jpg,.runtime/yolo_label_review/manual_annotations_v1/d0/d0de547101f532af734e194bf681f28e9b9812ef939e5ae03d4027e15bbed512.json,2026-07-27T02:35:26.266Z,2026-07-27T02:35:26.266Z
fire,positive,loop:fire_smoke_web_candidates_v3,images/review/40e5fe9f3ff400fe22d7fcc2.jpg,pass,YES,2,2,/home/admin1/jgzj/.runtime/yolo_loop/datasets/fire_smoke_web_candidates_v3/images/review/40e5fe9f3ff400fe22d7fcc2.jpg,.runtime/yolo_label_review/manual_annotations_v1/b8/b8da0fa03e9b980e4950d7a38907035847d35e15de3774b1119bc6719019a854.json,2026-07-21T03:06:23.695Z,2026-07-21T03:06:23.695Z
fire,positive,loop:fire_smoke_web_candidates_v3,images/review/48a0beefa5b81438243ef5e0.jpg,pass,YES,1,1,/home/admin1/jgzj/.runtime/yolo_loop/datasets/fire_smoke_web_candidates_v3/images/review/48a0beefa5b81438243ef5e0.jpg,.runtime/yolo_label_review/manual_annotations_v1/4c/4c7410f34f083424251cc45eba3aff3b62386db23970098130eeeb4aacdf7e9c.json,2026-07-21T03:15:55.322Z,2026-07-21T03:15:55.322Z
fire,positive,loop:fire_smoke_web_candidates_v3,images/review/4a74b518713ada12f7c8a730.jpg,pass,YES,1,2,/home/admin1/jgzj/.runtime/yolo_loop/datasets/fire_smoke_web_candidates_v3/images/review/4a74b518713ada12f7c8a730.jpg,.runtime/yolo_label_review/manual_annotations_v1/ff/fff33fa4f823385f4eb9f616add22e7bfd679ab96b385cc861c332591c1ed4f6.json,2026-07-27T04:35:32.998Z,2026-07-27T04:35:32.998Z
fire,positive,loop:fire_smoke_web_candidates_v3,images/review/55a9387364f9263a112f7290.jpg,pass,YES,1,1,/home/admin1/jgzj/.runtime/yolo_loop/datasets/fire_smoke_web_candidates_v3/images/review/55a9387364f9263a112f7290.jpg,.runtime/yolo_label_review/manual_annotations_v1/e0/e033b182f28b0c589bbfc50fe5504e060faeae09a8c006acfe39d2aea7c74483.json,2026-07-21T03:02:23.541Z,2026-07-21T03:02:23.541Z
fire,positive,loop:fire_smoke_web_candidates_v3,images/review/5c5bf9ceffa73ce4421b0db7.jpg,pass,YES,1,1,/home/admin1/jgzj/.runtime/yolo_loop/datasets/fire_smoke_web_candidates_v3/images/review/5c5bf9ceffa73ce4421b0db7.jpg,.runtime/yolo_label_review/manual_annotations_v1/5e/5e871ee7a843c62eef3976c7f057323ed492fa3912597e578d8ce3077655ff3a.json,2026-07-21T03:18:32.256Z,2026-07-21T03:18:32.256Z
fire,positive,loop:fire_smoke_web_candidates_v3,images/review/5d25a8b1f7ddcd7957914ebc.jpg,pass,YES,1,2,/home/admin1/jgzj/.runtime/yolo_loop/datasets/fire_smoke_web_candidates_v3/images/review/5d25a8b1f7ddcd7957914ebc.jpg,.runtime/yolo_label_review/manual_annotations_v1/10/10996731ee0ee884dca2e6ddea055f31d1d3fb17bfae11aaa3dba32920778df6.json,2026-07-27T04:14:11.945Z,2026-07-27T04:14:11.945Z
fire,positive,loop:fire_smoke_web_candidates_v3,images/review/6252778eceda330708d45f24.jpg,pass,YES,1,2,/home/admin1/jgzj/.runtime/yolo_loop/datasets/fire_smoke_web_candidates_v3/images/review/6252778eceda330708d45f24.jpg,.runtime/yolo_label_review/manual_annotations_v1/2f/2f80aefb1b3d845988d4320a7d918762f08e1dbdb37d7dbeaf73a2996d23e322.json,2026-07-27T02:39:13.533Z,2026-07-27T02:39:13.533Z
fire,positive,loop:fire_smoke_web_candidates_v3,images/review/652f69bef909f5748267ab40.jpg,pass,YES,2,2,/home/admin1/jgzj/.runtime/yolo_loop/datasets/fire_smoke_web_candidates_v3/images/review/652f69bef909f5748267ab40.jpg,.runtime/yolo_label_review/manual_annotations_v1/10/10d61bcddb4aa5e7a7749068cd058edaa8fea40b730da35d2f88a52327769cf8.json,2026-07-21T02:44:26.667Z,2026-07-21T02:44:26.667Z
fire,positive,loop:fire_smoke_web_candidates_v3,images/review/6e3233f76e0c54d9635340a5.jpg,pass,YES,1,1,/home/admin1/jgzj/.runtime/yolo_loop/datasets/fire_smoke_web_candidates_v3/images/review/6e3233f76e0c54d9635340a5.jpg,.runtime/yolo_label_review/manual_annotations_v1/0d/0d3b68ee3e236effe22d2d8a2fd28c618f66da4b23cb851bbf45dd589b9edfee.json,2026-07-27T04:27:22.772Z,2026-07-27T04:27:22.772Z
fire,positive,loop:fire_smoke_web_candidates_v3,images/review/719ba02b059ff04d810dbefd.jpg,pass,YES,1,3,/home/admin1/jgzj/.runtime/yolo_loop/datasets/fire_smoke_web_candidates_v3/images/review/719ba02b059ff04d810dbefd.jpg,.runtime/yolo_label_review/manual_annotations_v1/81/811ddfd572b4994eea43d0d1569a5c7798bcf94a7fbedb7a7b2a0ea7936a6b90.json,2026-07-21T02:43:56.574Z,2026-07-21T02:43:56.574Z
fire,positive,loop:fire_smoke_web_candidates_v3,images/review/732b55b3ebac808fd9d21f55.jpg,pass,YES,2,2,/home/admin1/jgzj/.runtime/yolo_loop/datasets/fire_smoke_web_candidates_v3/images/review/732b55b3ebac808fd9d21f55.jpg,.runtime/yolo_label_review/manual_annotations_v1/16/16f5a96de649e09fea380083c1ccd65b64d2ae4ab6cedc2d7aaa5bdbfb79bfd0.json,2026-07-21T02:50:21.797Z,2026-07-21T02:50:21.797Z
fire,positive,loop:fire_smoke_web_candidates_v3,images/review/76c039a23d57b4de3c0481c7.jpg,pass,YES,1,1,/home/admin1/jgzj/.runtime/yolo_loop/datasets/fire_smoke_web_candidates_v3/images/review/76c039a23d57b4de3c0481c7.jpg,.runtime/yolo_label_review/manual_annotations_v1/1a/1aedf8b3f033b2d3898f4d0b8f7c8f9f6e0ff8a5930c0285f9b1890284eeb6ea.json,2026-07-27T04:43:04.537Z,2026-07-27T04:43:04.537Z
fire,positive,loop:fire_smoke_web_candidates_v3,images/review/7bb8489582988244889f5bcb.jpg,pass,YES,1,2,/home/admin1/jgzj/.runtime/yolo_loop/datasets/fire_smoke_web_candidates_v3/images/review/7bb8489582988244889f5bcb.jpg,.runtime/yolo_label_review/manual_annotations_v1/d3/d3ae8e429b63e9ccbbb53ad36106ae70dd47faf9beeecad6c9126bf8c0068919.json,2026-07-27T04:33:37.233Z,2026-07-27T04:33:37.233Z
fire,positive,loop:fire_smoke_web_candidates_v3,images/review/7c382e8ab0145db8a0bb8d56.jpg,pass,YES,1,2,/home/admin1/jgzj/.runtime/yolo_loop/datasets/fire_smoke_web_candidates_v3/images/review/7c382e8ab0145db8a0bb8d56.jpg,.runtime/yolo_label_review/manual_annotations_v1/24/2444e386424eb7188fdb66c7911318ea5adaa33ebe103a516e0bff94f541ed13.json,2026-07-27T04:32:50.840Z,2026-07-27T04:32:50.840Z
fire,positive,loop:fire_smoke_web_candidates_v3,images/review/7ea7ed703bea4f19359edb61.jpg,pass,YES,1,1,/home/admin1/jgzj/.runtime/yolo_loop/datasets/fire_smoke_web_candidates_v3/images/review/7ea7ed703bea4f19359edb61.jpg,.runtime/yolo_label_review/manual_annotations_v1/ee/eec13b2253d699f0532526cb7dbc898bca175dbe9b282747c541e079cf008e7e.json,2026-07-27T04:38:55.996Z,2026-07-27T04:38:55.996Z
fire,positive,loop:fire_smoke_web_candidates_v3,images/review/83ebc1261eedd28acefaa7de.jpg,pass,YES,1,2,/home/admin1/jgzj/.runtime/yolo_loop/datasets/fire_smoke_web_candidates_v3/images/review/83ebc1261eedd28acefaa7de.jpg,.runtime/yolo_label_review/manual_annotations_v1/10/10f19bde7c4ed43321bc8333ba282ce56f15bfd38e067372a06c630c49d05ddf.json,2026-07-27T04:14:17.447Z,2026-07-27T04:14:17.447Z
fire,positive,loop:fire_smoke_web_candidates_v3,images/review/87be9a3ba4247c37f11e4010.jpg,pass,YES,1,1,/home/admin1/jgzj/.runtime/yolo_loop/datasets/fire_smoke_web_candidates_v3/images/review/87be9a3ba4247c37f11e4010.jpg,.runtime/yolo_label_review/manual_annotations_v1/1d/1d815e768e48d5af440c8d5efd728a291e4e8095c667d6a360761d0bf0a8063a.json,2026-07-27T04:24:04.428Z,2026-07-27T04:24:04.428Z
fire,positive,loop:fire_smoke_web_candidates_v3,images/review/90b9529451c9d0b1c436d7f6.jpg,pass,YES,2,2,/home/admin1/jgzj/.runtime/yolo_loop/datasets/fire_smoke_web_candidates_v3/images/review/90b9529451c9d0b1c436d7f6.jpg,.runtime/yolo_label_review/manual_annotations_v1/ed/ed607c346646c7820d78bcb3f9f122b186b1277bf8d5c2398d7eaad02dab722c.json,2026-07-21T03:07:00.302Z,2026-07-21T03:07:00.302Z
fire,positive,loop:fire_smoke_web_candidates_v3,images/review/922caab45092d81d3695b4ef.jpg,pass,YES,1,2,/home/admin1/jgzj/.runtime/yolo_loop/datasets/fire_smoke_web_candidates_v3/images/review/922caab45092d81d3695b4ef.jpg,.runtime/yolo_label_review/manual_annotations_v1/9e/9ef25b1da7b57c891887708d6708564304a2da7a2d346cf668f000709b01fa3f.json,2026-07-27T03:03:08.639Z,2026-07-27T03:03:08.639Z
fire,positive,loop:fire_smoke_web_candidates_v3,images/review/93efbab44a14850eaa4a2b6f.jpg,pass,YES,1,1,/home/admin1/jgzj/.runtime/yolo_loop/datasets/fire_smoke_web_candidates_v3/images/review/93efbab44a14850eaa4a2b6f.jpg,.runtime/yolo_label_review/manual_annotations_v1/3d/3dbc7d871f37237d607b6990f02961e95ccb569296e4ced67d85cb899ab9339c.json,2026-07-27T04:43:36.694Z,2026-07-27T04:43:36.694Z
fire,positive,loop:fire_smoke_web_candidates_v3,images/review/9b2856bdd1a60e94edcfb08d.jpg,pass,YES,1,1,/home/admin1/jgzj/.runtime/yolo_loop/datasets/fire_smoke_web_candidates_v3/images/review/9b2856bdd1a60e94edcfb08d.jpg,.runtime/yolo_label_review/manual_annotations_v1/bb/bbf767d208a145d3bbc6d0268ccff48b58358683aed580f62dc81ac5ace02b19.json,2026-07-27T04:30:49.060Z,2026-07-27T04:30:49.060Z
fire,positive,loop:fire_smoke_web_candidates_v3,images/review/9e9fd8209e8f0069b5108458.jpg,pass,YES,1,2,/home/admin1/jgzj/.runtime/yolo_loop/datasets/fire_smoke_web_candidates_v3/images/review/9e9fd8209e8f0069b5108458.jpg,.runtime/yolo_label_review/manual_annotations_v1/55/55a9faeed39d328ccaacb44b971fe567a29c1136e30c3cec6d936fe5ca5db61b.json,2026-07-27T02:35:55.468Z,2026-07-27T02:35:55.468Z
fire,positive,loop:fire_smoke_web_candidates_v3,images/review/a06d753abbdbc4327b3f116b.jpg,pass,YES,1,2,/home/admin1/jgzj/.runtime/yolo_loop/datasets/fire_smoke_web_candidates_v3/images/review/a06d753abbdbc4327b3f116b.jpg,.runtime/yolo_label_review/manual_annotations_v1/61/61aaf369926b2748d17e544bf8873bbb1cfeeb38e8def6c687a23a8f1875c883.json,2026-07-27T02:38:27.102Z,2026-07-27T02:38:27.102Z
fire,positive,loop:fire_smoke_web_candidates_v3,images/review/b4962a65a2719bdeac1d79d2.jpg,pass,YES,1,2,/home/admin1/jgzj/.runtime/yolo_loop/datasets/fire_smoke_web_candidates_v3/images/review/b4962a65a2719bdeac1d79d2.jpg,.runtime/yolo_label_review/manual_annotations_v1/2a/2a1e562684f182461df2cc46e4373689c53506fbced214ce6456c9269791a1fa.json,2026-07-27T04:31:33.739Z,2026-07-27T04:31:33.739Z
fire,positive,loop:fire_smoke_web_candidates_v3,images/review/b55cd3b85ea29d5b2e8d263a.jpg,pass,YES,1,1,/home/admin1/jgzj/.runtime/yolo_loop/datasets/fire_smoke_web_candidates_v3/images/review/b55cd3b85ea29d5b2e8d263a.jpg,.runtime/yolo_label_review/manual_annotations_v1/0f/0f8ec8cf7aaf7a15a2ba1f1fdec0a2ed5069c9f110d9af64895ffe01117b5168.json,2026-07-24T02:14:14.007Z,2026-07-24T02:14:14.007Z
fire,positive,loop:fire_smoke_web_candidates_v3,images/review/b5a4062869cc46b0ed13348c.jpg,pass,YES,2,3,/home/admin1/jgzj/.runtime/yolo_loop/datasets/fire_smoke_web_candidates_v3/images/review/b5a4062869cc46b0ed13348c.jpg,.runtime/yolo_label_review/manual_annotations_v1/07/071a5fbe591f4bb0e4353e4b60d9827ae40e00bf2b06d857eec12681b6a340a4.json,2026-07-27T04:48:12.037Z,2026-07-27T04:48:12.037Z
fire,positive,loop:fire_smoke_web_candidates_v3,images/review/b6258385dc3a8ee568dc5a72.jpg,pass,YES,1,2,/home/admin1/jgzj/.runtime/yolo_loop/datasets/fire_smoke_web_candidates_v3/images/review/b6258385dc3a8ee568dc5a72.jpg,.runtime/yolo_label_review/manual_annotations_v1/d4/d498a2880ba394e82aafc5a538776c4600f4e41ea6f4d5d2cca3fa3b6fe07182.json,2026-07-27T04:25:40.145Z,2026-07-27T04:25:40.145Z
fire,positive,loop:fire_smoke_web_candidates_v3,images/review/b64b9ade4e0383bb4cd62830.jpg,pass,YES,1,2,/home/admin1/jgzj/.runtime/yolo_loop/datasets/fire_smoke_web_candidates_v3/images/review/b64b9ade4e0383bb4cd62830.jpg,.runtime/yolo_label_review/manual_annotations_v1/0d/0d22a330005e88d4166d3901a63f5a0f69215fb97c173ddb705123795c778b40.json,2026-07-27T04:41:22.935Z,2026-07-27T04:41:22.935Z
fire,positive,loop:fire_smoke_web_candidates_v3,images/review/b9b842208f67156f6c9f33db.jpg,pass,YES,1,2,/home/admin1/jgzj/.runtime/yolo_loop/datasets/fire_smoke_web_candidates_v3/images/review/b9b842208f67156f6c9f33db.jpg,.runtime/yolo_label_review/manual_annotations_v1/f3/f35dc1581fa793b9dc15fba920a236679b7f62d804a3036ba4556c6ed1e44f63.json,2026-07-27T04:43:13.908Z,2026-07-27T04:43:13.908Z
fire,positive,loop:fire_smoke_web_candidates_v3,images/review/bf80cf395ea97ec3911f3406.jpg,pass,YES,5,6,/home/admin1/jgzj/.runtime/yolo_loop/datasets/fire_smoke_web_candidates_v3/images/review/bf80cf395ea97ec3911f3406.jpg,.runtime/yolo_label_review/manual_annotations_v1/f7/f7ef4846c07e549ca042224d74cfb4da494cb238f49a0ff021e2d3c9e177a195.json,2026-07-27T02:58:25.568Z,2026-07-27T02:58:25.568Z
fire,positive,loop:fire_smoke_web_candidates_v3,images/review/c17f2ea212ad8e1587849e4e.jpg,pass,YES,1,1,/home/admin1/jgzj/.runtime/yolo_loop/datasets/fire_smoke_web_candidates_v3/images/review/c17f2ea212ad8e1587849e4e.jpg,.runtime/yolo_label_review/manual_annotations_v1/90/90abebcc75d2b60f5f252f611e286b594b333b5004b8d0a454507b245827e550.json,2026-07-27T03:00:35.744Z,2026-07-27T03:00:35.744Z
fire,positive,loop:fire_smoke_web_candidates_v3,images/review/c329d53967ea49638238eda2.jpg,pass,YES,2,3,/home/admin1/jgzj/.runtime/yolo_loop/datasets/fire_smoke_web_candidates_v3/images/review/c329d53967ea49638238eda2.jpg,.runtime/yolo_label_review/manual_annotations_v1/1c/1c111832aeff66875ea823dfc217bd8e7c1e5b30b39b30b43f5a6a891a5b93e7.json,2026-07-27T04:42:49.608Z,2026-07-27T04:42:49.608Z
fire,positive,loop:fire_smoke_web_candidates_v3,images/review/c814bfa327a57d8337d98e24.jpg,pass,YES,1,1,/home/admin1/jgzj/.runtime/yolo_loop/datasets/fire_smoke_web_candidates_v3/images/review/c814bfa327a57d8337d98e24.jpg,.runtime/yolo_label_review/manual_annotations_v1/81/81f744f51829733e6f4452d2f434e4123c6bc1d6c1f003528d5f45a0d0e0aff1.json,2026-07-27T04:27:02.011Z,2026-07-27T04:27:02.011Z
fire,positive,loop:fire_smoke_web_candidates_v3,images/review/cf4e19ffdd3a709fc62df862.jpg,pass,YES,1,2,/home/admin1/jgzj/.runtime/yolo_loop/datasets/fire_smoke_web_candidates_v3/images/review/cf4e19ffdd3a709fc62df862.jpg,.runtime/yolo_label_review/manual_annotations_v1/a4/a46b72fdae37f223edf1e7699956cc831ed9bd45345400f7e069b5ac2c89b042.json,2026-07-27T02:49:24.057Z,2026-07-27T02:49:24.057Z
fire,positive,loop:fire_smoke_web_candidates_v3,images/review/d9e96a6e5fe6da58ef8ac342.jpg,pass,YES,1,1,/home/admin1/jgzj/.runtime/yolo_loop/datasets/fire_smoke_web_candidates_v3/images/review/d9e96a6e5fe6da58ef8ac342.jpg,.runtime/yolo_label_review/manual_annotations_v1/a7/a75d79994a5291248003f871f6b0fa1a0c1fb559aed08688a49bdcf0e61f14a6.json,2026-07-27T03:00:07.509Z,2026-07-27T03:00:07.509Z
fire,positive,loop:fire_smoke_web_candidates_v3,images/review/daa5eea35a7429356a0992da.jpg,pass,YES,1,1,/home/admin1/jgzj/.runtime/yolo_loop/datasets/fire_smoke_web_candidates_v3/images/review/daa5eea35a7429356a0992da.jpg,.runtime/yolo_label_review/manual_annotations_v1/bd/bd2615bd6b4ea5fa8b7f0fb330446d83cf078ac8b4402644d197fb9575b80809.json,2026-07-27T04:41:08.799Z,2026-07-27T04:41:08.799Z
fire,positive,loop:fire_smoke_web_candidates_v3,images/review/dd8fa440e459bfa82b62698a.jpg,pass,YES,1,1,/home/admin1/jgzj/.runtime/yolo_loop/datasets/fire_smoke_web_candidates_v3/images/review/dd8fa440e459bfa82b62698a.jpg,.runtime/yolo_label_review/manual_annotations_v1/62/62223982cdace9d3eeed6ec0ac5288ff85e8b2e8b23f6e5203d823716112d482.json,2026-07-21T03:17:20.071Z,2026-07-21T03:17:20.071Z
fire,positive,loop:fire_smoke_web_candidates_v3,images/review/dfcfd5961128568c21cbb809.jpg,pass,YES,1,1,/home/admin1/jgzj/.runtime/yolo_loop/datasets/fire_smoke_web_candidates_v3/images/review/dfcfd5961128568c21cbb809.jpg,.runtime/yolo_label_review/manual_annotations_v1/10/10d42fb03e36bb9e7610cb31df8926fa4016fb0ed20c6de25b3a7f3f2405bfc1.json,2026-07-21T03:17:31.743Z,2026-07-21T03:17:31.743Z
fire,positive,loop:fire_smoke_web_candidates_v3,images/review/e1ea11eda6cb46fc35a4fb24.jpg,pass,YES,1,2,/home/admin1/jgzj/.runtime/yolo_loop/datasets/fire_smoke_web_candidates_v3/images/review/e1ea11eda6cb46fc35a4fb24.jpg,.runtime/yolo_label_review/manual_annotations_v1/fd/fd02db8a63d9d226ecafc585c4d4a49b94342ed9345969e31b70707ada53688c.json,2026-07-27T04:24:14.272Z,2026-07-27T04:24:14.272Z
fire,positive,loop:fire_smoke_web_candidates_v3,images/review/e9bd106eed19fe94a120de62.jpg,pass,YES,1,1,/home/admin1/jgzj/.runtime/yolo_loop/datasets/fire_smoke_web_candidates_v3/images/review/e9bd106eed19fe94a120de62.jpg,.runtime/yolo_label_review/manual_annotations_v1/f1/f1c41cc2f639e1b0c7162c4f0a6e3e19c1a238c81086be220d95c031a16f63b8.json,2026-07-27T02:51:40.870Z,2026-07-27T02:51:40.870Z
fire,positive,loop:fire_smoke_web_candidates_v3,images/review/ebd145abb33cee0b3813cef4.jpg,pass,YES,2,2,/home/admin1/jgzj/.runtime/yolo_loop/datasets/fire_smoke_web_candidates_v3/images/review/ebd145abb33cee0b3813cef4.jpg,.runtime/yolo_label_review/manual_annotations_v1/90/902f9e49c1e6f966dfd53f9e5d8257dc03ba17bead55a43a77427eb649c5ca38.json,2026-07-21T02:49:44.000Z,2026-07-21T02:49:44.000Z
fire,positive,loop:fire_smoke_web_candidates_v3,images/review/ef29e6f777bb551a68fff0e1.jpg,pass,YES,1,2,/home/admin1/jgzj/.runtime/yolo_loop/datasets/fire_smoke_web_candidates_v3/images/review/ef29e6f777bb551a68fff0e1.jpg,.runtime/yolo_label_review/manual_annotations_v1/2e/2e760083db47968eab59958197212947303da93d1bf9ef4982b0106f42f1d699.json,2026-07-27T04:46:31.127Z,2026-07-27T04:46:31.127Z
fire,positive,loop:fire_smoke_web_candidates_v3,images/review/f0728553df2f2e43ad5f98cf.jpg,pass,YES,1,1,/home/admin1/jgzj/.runtime/yolo_loop/datasets/fire_smoke_web_candidates_v3/images/review/f0728553df2f2e43ad5f98cf.jpg,.runtime/yolo_label_review/manual_annotations_v1/25/25da789673add5267143624df7030b5d3495bcaa9eae39de26f3c8d1070e65f7.json,2026-07-27T04:14:48.935Z,2026-07-27T04:14:48.935Z
fire,positive,loop:fire_smoke_web_candidates_v3,images/review/f17a2c52dc978bbee6fd2f3e.jpg,pass,YES,1,2,/home/admin1/jgzj/.runtime/yolo_loop/datasets/fire_smoke_web_candidates_v3/images/review/f17a2c52dc978bbee6fd2f3e.jpg,.runtime/yolo_label_review/manual_annotations_v1/ca/caa162ea0c0bc6acf4f17721c7d1e98bfdb7b2d69d599be617260154d37212e7.json,2026-07-27T03:03:59.219Z,2026-07-27T03:03:59.219Z
fire,positive,loop:fire_smoke_web_candidates_v3,images/review/f1d2d31c9df5c7c696129d0f.jpg,pass,YES,1,1,/home/admin1/jgzj/.runtime/yolo_loop/datasets/fire_smoke_web_candidates_v3/images/review/f1d2d31c9df5c7c696129d0f.jpg,.runtime/yolo_label_review/manual_annotations_v1/28/2835c92f8868727a275b274e5fea83ea88444d66acb0e1a8df1673f92116fe50.json,2026-07-27T02:38:47.579Z,2026-07-27T02:38:47.579Z
fire,positive,loop:fire_smoke_web_candidates_v3,images/review/f529c2960b063638067a726c.jpg,pass,YES,1,2,/home/admin1/jgzj/.runtime/yolo_loop/datasets/fire_smoke_web_candidates_v3/images/review/f529c2960b063638067a726c.jpg,.runtime/yolo_label_review/manual_annotations_v1/6d/6d829fd02771da917fa70ad6803792599457a6204447ffcafa5e5fa3c0253968.json,2026-07-27T04:27:55.967Z,2026-07-27T04:27:55.967Z
fire,positive,loop:fire_smoke_web_candidates_v3,images/review/fda5a1bcf265f1e4873eac87.jpg,pass,YES,1,1,/home/admin1/jgzj/.runtime/yolo_loop/datasets/fire_smoke_web_candidates_v3/images/review/fda5a1bcf265f1e4873eac87.jpg,.runtime/yolo_label_review/manual_annotations_v1/04/04a80b4c5b2d6dde8ba09416d43e55443de1da65bcf0a2018349ef1c7f8be553.json,2026-07-21T03:16:06.948Z,2026-07-21T03:16:06.948Z
fire,positive,loop:fire_smoke_web_candidates_v3,images/review/fe1f3fb6af10e742d219ed47.jpg,pass,YES,1,2,/home/admin1/jgzj/.runtime/yolo_loop/datasets/fire_smoke_web_candidates_v3/images/review/fe1f3fb6af10e742d219ed47.jpg,.runtime/yolo_label_review/manual_annotations_v1/0c/0c244629ea7aa1d3ee4744787716e92620ef52842ad419104ffdb0822be37d39.json,2026-07-27T02:34:08.304Z,2026-07-27T02:34:08.304Z
